CustomerID,SlackNote,OwnerComment
101,Customer requested pricing revision,Follow up tomorrow
102,Waiting for finance approval,Send revised quotation
103,Technical demo completed,Schedule onboarding session
104,Renewal discussion started,High-value account
105,Customer unhappy with payment issue,Escalate immediately
106,Interested in annual contract,Arrange pricing call
107,Requested product walkthrough,Demo next week
108,Integration questions pending,Assign solutions engineer
109,Enterprise expansion possible,Discuss additional licenses
110,Requested implementation support,Follow up Friday
111,Decision expected this week,Prepare final proposal
112,Training session completed,Monitor product adoption
113,Billing clarification requested,Finance team to respond
114,Customer satisfied,Upsell premium features
115,Multiple complaints received,Escalate to Customer Success
116,Positive feedback after demo,Share commercial proposal
117,Need API documentation,Technical team assigned
118,Contract under legal review,Legal follow-up
119,Requested feature comparison,Send comparison sheet
120,Strong expansion opportunity,Schedule executive meeting
121,Invoice dispute,Resolve before renewal
122,Waiting for management approval,Follow up next week
123,Product adoption improving,Monitor usage monthly
124,Renewal likely,Prepare renewal quotation
125,High churn risk,Immediate customer call
126,Interested in premium plan,Upsell opportunity
127,Requested sandbox access,Technical support assigned
128,Migration planning started,Coordinate implementation
129,Customer evaluating competitors,Highlight business value
130,New customer onboarding,Welcome call pending
131,Frequent payment issues,Finance follow-up
132,Positive discovery meeting,Share pricing details
133,Needs product training,Schedule webinar
134,Large enterprise account,Executive engagement required
135,Expansion discussion ongoing,Prepare business case
136,API integration delayed,Engineering follow-up
137,Renewal meeting successful,Prepare contract
138,Invoice corrections requested,Finance review
139,Low customer activity,Run engagement campaign
140,Negotiation progressing well,Prepare final commercial offer
141,Awaiting payment confirmation,Reminder tomorrow
142,Trial feedback positive,Offer annual subscription
143,Excellent product adoption,Upsell premium modules
144,Billing support requested,Finance team notified
145,Support issue resolved,Follow-up satisfaction call
146,Renewal proposal shared,Monitor customer response
147,Card issue unresolved,Escalate today
148,API implementation completed,Close technical tasks
149,Pricing accepted,Contract signature pending
150,Final proposal delivered,Follow up after two days